id,Week,Day,Date,VisTm,HomeTm,Neut
1,1,08/26/2023,Sat,Florida International,Louisiana Tech,N
2,1,08/26/2023,Sat,Hawaii,Vanderbilt,N
3,1,08/26/2023,Sat,Massachusetts,New Mexico State,N
4,1,08/26/2023,Sat,Notre Dame,Navy,Y
5,1,08/26/2023,Sat,Ohio,San Diego State,N
6,1,08/26/2023,Sat,San Jose State,Southern California,N
7,1,08/26/2023,Sat,Texas-El Paso,Jacksonville State,N
8,2,08/31/2023,Thu,Arkansas-Pine Bluff,Tulsa,N
9,2,08/31/2023,Thu,Elon,Wake Forest,N
10,2,08/31/2023,Thu,Florida,Utah,N
11,2,08/31/2023,Thu,Kent State,Central Florida,N
12,2,08/31/2023,Thu,Nebraska,Minnesota,N
13,2,08/31/2023,Thu,North Carolina A&T,Alabama-Birmingham,N
14,2,08/31/2023,Thu,North Carolina State,Connecticut,N
15,2,08/31/2023,Thu,Rhode Island,Georgia State,N
16,2,08/31/2023,Thu,South Dakota,Missouri,N
17,2,08/31/2023,Thu,Southern Utah,Arizona State,N
18,2,08/31/2023,Thu,St. Francis (PA),Western Michigan,N
19,2,09/01/2023,Fri,Central Michigan,Michigan State,N
20,2,09/01/2023,Fri,Howard,Eastern Michigan,N
21,2,09/01/2023,Fri,Louisville,Georgia Tech,Y
22,2,09/01/2023,Fri,Miami (OH),Miami (FL),N
23,2,09/01/2023,Fri,Missouri State,Kansas,N
24,2,09/01/2023,Fri,Stanford,Hawaii,N
25,2,09/02/2023,Sat,Akron,Temple,N
26,2,09/02/2023,Sat,Alabama A&M,Vanderbilt,N
27,2,09/02/2023,Sat,Albany,Marshall,N
28,2,09/02/2023,Sat,Alcorn State,Southern Mississippi,N
29,2,09/02/2023,Sat,Arkansas State,Oklahoma,N
30,2,09/02/2023,Sat,Army,Louisiana-Monroe,N
31,2,09/02/2023,Sat,Ball State,Kentucky,N
32,2,09/02/2023,Sat,Bethune-Cookman,Memphis,N
33,2,09/02/2023,Sat,Boise State,Washington,N
34,2,09/02/2023,Sat,Bowling Green,Liberty,N
35,2,09/02/2023,Sat,Bryant,Nevada-Las Vegas,N
36,2,09/02/2023,Sat,Bucknell,James Madison,N
37,2,09/02/2023,Sat,Buffalo,Wisconsin,N
38,2,09/02/2023,Sat,California,North Texas,N
39,2,09/02/2023,Sat,Central Arkansas,Oklahoma State,N
40,2,09/02/2023,Sat,Citadel,Georgia Southern,N
41,2,09/02/2023,Sat,Coastal Carolina,UCLA,N
42,2,09/02/2023,Sat,Colgate,Syracuse,N
43,2,09/02/2023,Sat,Colorado,Texas Christian,N
44,2,09/02/2023,Sat,East Carolina,Michigan,N
45,2,09/02/2023,Sat,East Tennessee State,Jacksonville State,N
46,2,09/02/2023,Sat,Eastern Kentucky,Cincinnati,N
47,2,09/02/2023,Sat,Fresno State,Purdue,N
48,2,09/02/2023,Sat,Gardner-Webb,Appalachian State,N
49,2,09/02/2023,Sat,Idaho State,San Diego State,N
50,2,09/02/2023,Sat,Incarnate Word,Texas-El Paso,N
51,2,09/02/2023,Sat,Long Island,Ohio,N
52,2,09/02/2023,Sat,Louisiana Tech,Southern Methodist,N
53,2,09/02/2023,Sat,Maine,Florida International,N
54,2,09/02/2023,Sat,Massachusetts,Auburn,N
55,2,09/02/2023,Sat,Mercer,Mississippi,N
56,2,09/02/2023,Sat,Middle Tennessee State,Alabama,N
57,2,09/02/2023,Sat,Monmouth,Florida Atlantic,N
58,2,09/02/2023,Sat,Nevada,Southern California,N
59,2,09/02/2023,Sat,New Mexico,Texas A&M,N
60,2,09/02/2023,Sat,Northern Arizona,Arizona,N
61,2,09/02/2023,Sat,Northern Illinois,Boston College,N
62,2,09/02/2023,Sat,Northern Iowa,Iowa State,N
63,2,09/02/2023,Sat,Northwestern State,Louisiana,N
64,2,09/02/2023,Sat,Ohio State,Indiana,N
65,2,09/02/2023,Sat,Old Dominion,Virginia Tech,N
66,2,09/02/2023,Sat,Portland State,Oregon,N
67,2,09/02/2023,Sat,Rice,Texas,N
68,2,09/02/2023,Sat,Robert Morris,Air Force,N
69,2,09/02/2023,Sat,Sam Houston State,Brigham Young,N
70,2,09/02/2023,Sat,South Alabama,Tulane,N
71,2,09/02/2023,Sat,South Carolina,North Carolina,Y
72,2,09/02/2023,Sat,South Carolina State,Charlotte,N
73,2,09/02/2023,Sat,South Florida,Western Kentucky,N
74,2,09/02/2023,Sat,Southeast Missouri State,Kansas State,N
75,2,09/02/2023,Sat,Southeastern Louisiana,Mississippi State,N
76,2,09/02/2023,Sat,Stephen F. Austin,Troy,N
77,2,09/02/2023,Sat,Tennessee State,Notre Dame,N
78,2,09/02/2023,Sat,Tennessee-Martin,Georgia,N
79,2,09/02/2023,Sat,Texas State,Baylor,N
80,2,09/02/2023,Sat,Texas Tech,Wyoming,N
81,2,09/02/2023,Sat,Texas-San Antonio,Houston,N
82,2,09/02/2023,Sat,Toledo,Illinois,N
83,2,09/02/2023,Sat,Towson,Maryland,N
84,2,09/02/2023,Sat,Utah State,Iowa,N
85,2,09/02/2023,Sat,Virginia,Tennessee,Y
86,2,09/02/2023,Sat,Washington State,Colorado State,N
87,2,09/02/2023,Sat,West Virginia,Penn State,N
88,2,09/02/2023,Sat,Western Carolina,Arkansas,N
89,2,09/02/2023,Sat,Western Illinois,New Mexico State,N
90,2,09/02/2023,Sat,Wofford,Pittsburgh,N
91,2,09/03/2023,Sun,Louisiana State,Florida State,Y
92,2,09/03/2023,Sun,Northwestern,Rutgers,N
93,2,09/03/2023,Sun,Oregon State,San Jose State,N
94,2,09/04/2023,Mon,Clemson,Duke,N
95,3,09/07/2023,Thu,Murray State,Louisville,N
96,3,09/08/2023,Fri,Illinois,Kansas,N
97,3,09/09/2023,Sat,Air Force,Sam Houston State,Y
98,3,09/09/2023,Sat,Alabama-Birmingham,Georgia Southern,N
99,3,09/09/2023,Sat,Appalachian State,North Carolina,N
100,3,09/09/2023,Sat,Arizona,Mississippi State,N
101,3,09/09/2023,Sat,Auburn,California,N
102,3,09/09/2023,Sat,Austin Peay,Tennessee,N
103,3,09/09/2023,Sat,Ball State,Georgia,N
104,3,09/09/2023,Sat,Cal Poly,San Jose State,N
105,3,09/09/2023,Sat,California-Davis,Oregon State,N
106,3,09/09/2023,Sat,Central Florida,Boise State,N
107,3,09/09/2023,Sat,Charleston Southern,Clemson,N
108,3,09/09/2023,Sat,Charlotte,Maryland,N
109,3,09/09/2023,Sat,Cincinnati,Pittsburgh,N
110,3,09/09/2023,Sat,Connecticut,Georgia State,N
111,3,09/09/2023,Sat,Delaware,Penn State,N
112,3,09/09/2023,Sat,Delaware State,Army,N
113,3,09/09/2023,Sat,Duquesne,West Virginia,N
114,3,09/09/2023,Sat,Eastern Illinois,Bowling Green,N
115,3,09/09/2023,Sat,Eastern Kentucky,Kentucky,N
116,3,09/09/2023,Sat,Eastern Michigan,Minnesota,N
117,3,09/09/2023,Sat,Eastern Washington,Fresno State,N
118,3,09/09/2023,Sat,Florida A&M,South Florida,N
119,3,09/09/2023,Sat,Fordham,Buffalo,N
120,3,09/09/2023,Sat,Furman,South Carolina,N
121,3,09/09/2023,Sat,Grambling State,Louisiana State,N
122,3,09/09/2023,Sat,Holy Cross,Boston College,N
123,3,09/09/2023,Sat,Houston,Rice,N
124,3,09/09/2023,Sat,Houston Baptist,Western Kentucky,N
125,3,09/09/2023,Sat,Idaho,Nevada,N
126,3,09/09/2023,Sat,Idaho State,Utah State,N
127,3,09/09/2023,Sat,Indiana State,Indiana,N
128,3,09/09/2023,Sat,Iowa,Iowa State,N
129,3,09/09/2023,Sat,Jacksonville State,Coastal Carolina,N
130,3,09/09/2023,Sat,James Madison,Virginia,N
131,3,09/09/2023,Sat,Kent State,Arkansas,N
132,3,09/09/2023,Sat,Lafayette,Duke,N
133,3,09/09/2023,Sat,Lamar,Louisiana-Monroe,N
134,3,09/09/2023,Sat,Louisiana,Old Dominion,N
135,3,09/09/2023,Sat,Marshall,East Carolina,N
136,3,09/09/2023,Sat,McNeese State,Florida,N
137,3,09/09/2023,Sat,Memphis,Arkansas State,N
138,3,09/09/2023,Sat,Miami (OH),Massachusetts,N
139,3,09/09/2023,Sat,Middle Tennessee State,Missouri,N
140,3,09/09/2023,Sat,Mississippi,Tulane,N
141,3,09/09/2023,Sat,Morgan State,Akron,N
142,3,09/09/2023,Sat,Nebraska,Colorado,N
143,3,09/09/2023,Sat,Nevada-Las Vegas,Michigan,N
144,3,09/09/2023,Sat,New Hampshire,Central Michigan,N
145,3,09/09/2023,Sat,New Mexico State,Liberty,N
146,3,09/09/2023,Sat,Nicholls State,Texas Christian,N
147,3,09/09/2023,Sat,North Texas,Florida International,N
148,3,09/09/2023,Sat,Northwestern State,Louisiana Tech,N
149,3,09/09/2023,Sat,Notre Dame,North Carolina State,N
150,3,09/09/2023,Sat,Ohio,Florida Atlantic,N
151,3,09/09/2023,Sat,Oklahoma State,Arizona State,N
152,3,09/09/2023,Sat,Oregon,Texas Tech,N
153,3,09/09/2023,Sat,Portland State,Wyoming,N
154,3,09/09/2023,Sat,Purdue,Virginia Tech,N
155,3,09/09/2023,Sat,Richmond,Michigan State,N
156,3,09/09/2023,Sat,South Carolina State,Georgia Tech,N
157,3,09/09/2023,Sat,Southeastern Louisiana,South Alabama,N
158,3,09/09/2023,Sat,Southern Illinois,Northern Illinois,N
159,3,09/09/2023,Sat,Southern Methodist,Oklahoma,N
160,3,09/09/2023,Sat,Southern Mississippi,Florida State,N
161,3,09/09/2023,Sat,Southern Utah,Brigham Young,N
162,3,09/09/2023,Sat,Stanford,Southern California,N
163,3,09/09/2023,Sat,Temple,Rutgers,N
164,3,09/09/2023,Sat,Tennessee Tech,New Mexico,N
165,3,09/09/2023,Sat,Texas,Alabama,N
166,3,09/09/2023,Sat,Texas A&M,Miami (FL),N
167,3,09/09/2023,Sat,Texas Southern,Toledo,N
168,3,09/09/2023,Sat,Texas State,Texas-San Antonio,N
169,3,09/09/2023,Sat,Texas-El Paso,Northwestern,N
170,3,09/09/2023,Sat,Troy,Kansas State,N
171,3,09/09/2023,Sat,Tulsa,Washington,N
172,3,09/09/2023,Sat,UCLA,San Diego State,N
173,3,09/09/2023,Sat,Utah,Baylor,N
174,3,09/09/2023,Sat,Vanderbilt,Wake Forest,N
175,3,09/09/2023,Sat,Wagner,Navy,N
176,3,09/09/2023,Sat,Western Michigan,Syracuse,N
177,3,09/09/2023,Sat,Wisconsin,Washington State,N
178,3,09/09/2023,Sat,Youngstown State,Ohio State,N
179,3,09/10/2023,Sun,Albany,Hawaii,N
180,4,09/14/2023,Thu,Bethune-Cookman,Miami (FL),N
181,4,09/14/2023,Thu,Navy,Memphis,N
182,4,09/15/2023,Fri,Army,Texas-San Antonio,N
183,4,09/15/2023,Fri,Utah State,Air Force,N
184,4,09/15/2023,Fri,Virginia,Maryland,N
185,4,09/16/2023,Sat,Akron,Kentucky,N
186,4,09/16/2023,Sat,Alabama,South Florida,N
187,4,09/16/2023,Sat,Bowling Green,Michigan,N
188,4,09/16/2023,Sat,Brigham Young,Arkansas,N
189,4,09/16/2023,Sat,Central Connecticut State,Kent State,N
190,4,09/16/2023,Sat,Central Michigan,Notre Dame,N
191,4,09/16/2023,Sat,Colorado State,Colorado,N
192,4,09/16/2023,Sat,Duquesne,Coastal Carolina,N
193,4,09/16/2023,Sat,East Carolina,Appalachian State,N
194,4,09/16/2023,Sat,Florida Atlantic,Clemson,N
195,4,09/16/2023,Sat,Florida International,Connecticut,N
196,4,09/16/2023,Sat,Florida State,Boston College,N
197,4,09/16/2023,Sat,Fresno State,Arizona State,N
198,4,09/16/2023,Sat,Georgia Southern,Wisconsin,N
199,4,09/16/2023,Sat,Georgia State,Charlotte,N
200,4,09/16/2023,Sat,Georgia Tech,Mississippi,N
201,4,09/16/2023,Sat,Hawaii,Oregon,N
202,4,09/16/2023,Sat,Idaho,California,N
203,4,09/16/2023,Sat,Indiana State,Ball State,N
204,4,09/16/2023,Sat,Iowa State,Ohio,N
205,4,09/16/2023,Sat,Jackson State,Texas State,N
206,4,09/16/2023,Sat,James Madison,Troy,N
207,4,09/16/2023,Sat,Kansas,Nevada,N
208,4,09/16/2023,Sat,Kansas State,Missouri,N
209,4,09/16/2023,Sat,Liberty,Buffalo,N
210,4,09/16/2023,Sat,Long Island,Baylor,N
211,4,09/16/2023,Sat,Louisiana,Alabama-Birmingham,N
212,4,09/16/2023,Sat,Louisiana State,Mississippi State,N
213,4,09/16/2023,Sat,Louisiana-Monroe,Texas A&M,N
214,4,09/16/2023,Sat,Louisville,Indiana,Y
215,4,09/16/2023,Sat,Massachusetts,Eastern Michigan,N
216,4,09/16/2023,Sat,Miami (OH),Cincinnati,N
217,4,09/16/2023,Sat,Minnesota,North Carolina,N
218,4,09/16/2023,Sat,Murray State,Middle Tennessee State,N
219,4,09/16/2023,Sat,New Mexico State,New Mexico,N
220,4,09/16/2023,Sat,Norfolk State,Temple,N
221,4,09/16/2023,Sat,North Carolina Central,UCLA,N
222,4,09/16/2023,Sat,North Dakota,Boise State,N
223,4,09/16/2023,Sat,North Texas,Louisiana Tech,N
224,4,09/16/2023,Sat,Northern Colorado,Washington State,N
225,4,09/16/2023,Sat,Northern Illinois,Nebraska,N
226,4,09/16/2023,Sat,Northwestern,Duke,N
227,4,09/16/2023,Sat,Oklahoma,Tulsa,N
228,4,09/16/2023,Sat,Penn State,Illinois,N
229,4,09/16/2023,Sat,Pittsburgh,West Virginia,N
230,4,09/16/2023,Sat,Prairie View A&M,Southern Methodist,N
231,4,09/16/2023,Sat,Sacramento State,Stanford,N
232,4,09/16/2023,Sat,Samford,Auburn,N
233,4,09/16/2023,Sat,San Diego State,Oregon State,N
234,4,09/16/2023,Sat,San Jose State,Toledo,N
235,4,09/16/2023,Sat,South Alabama,Oklahoma State,N
236,4,09/16/2023,Sat,South Carolina,Georgia,N
237,4,09/16/2023,Sat,Stony Brook,Arkansas State,N
238,4,09/16/2023,Sat,Syracuse,Purdue,N
239,4,09/16/2023,Sat,Tarleton State,Texas Tech,N
240,4,09/16/2023,Sat,Tennessee,Florida,N
241,4,09/16/2023,Sat,Texas Christian,Houston,N
242,4,09/16/2023,Sat,Texas Southern,Rice,N
243,4,09/16/2023,Sat,Texas-El Paso,Arizona,N
244,4,09/16/2023,Sat,Tulane,Southern Mississippi,N
245,4,09/16/2023,Sat,Vanderbilt,Nevada-Las Vegas,N
246,4,09/16/2023,Sat,Villanova,Central Florida,N
247,4,09/16/2023,Sat,Virginia Military Institute,North Carolina State,N
248,4,09/16/2023,Sat,Virginia Tech,Rutgers,N
249,4,09/16/2023,Sat,Wake Forest,Old Dominion,N
250,4,09/16/2023,Sat,Washington,Michigan State,N
251,4,09/16/2023,Sat,Weber State,Utah,N
252,4,09/16/2023,Sat,Western Kentucky,Ohio State,N
253,4,09/16/2023,Sat,Western Michigan,Iowa,N
254,4,09/16/2023,Sat,Wyoming,Texas,N
255,5,09/21/2023,Thu,Georgia State,Coastal Carolina,N
256,5,09/22/2023,Fri,Air Force,San Jose State,N
257,5,09/22/2023,Fri,Boise State,San Diego State,N
258,5,09/22/2023,Fri,North Carolina State,Virginia,N
259,5,09/22/2023,Fri,Wisconsin,Purdue,N
260,5,09/23/2023,Sat,Akron,Indiana,N
261,5,09/23/2023,Sat,Alabama-Birmingham,Georgia,N
262,5,09/23/2023,Sat,Appalachian State,Wyoming,N
263,5,09/23/2023,Sat,Arizona,Stanford,N
264,5,09/23/2023,Sat,Arkansas,Louisiana State,N
265,5,09/23/2023,Sat,Army,Syracuse,N
266,5,09/23/2023,Sat,Auburn,Texas A&M,N
267,5,09/23/2023,Sat,Boston College,Louisville,N
268,5,09/23/2023,Sat,Brigham Young,Kansas,N
269,5,09/23/2023,Sat,Buffalo,Louisiana,N
270,5,09/23/2023,Sat,California,Washington,N
271,5,09/23/2023,Sat,Central Florida,Kansas State,N
272,5,09/23/2023,Sat,Central Michigan,South Alabama,N
273,5,09/23/2023,Sat,Charlotte,Florida,N
274,5,09/23/2023,Sat,Colorado,Oregon,N
275,5,09/23/2023,Sat,Colorado State,Middle Tennessee State,N
276,5,09/23/2023,Sat,Delaware State,Miami (OH),N
277,5,09/23/2023,Sat,Duke,Connecticut,N
278,5,09/23/2023,Sat,Eastern Michigan,Jacksonville State,N
279,5,09/23/2023,Sat,Florida Atlantic,Illinois,N
280,5,09/23/2023,Sat,Florida State,Clemson,N
281,5,09/23/2023,Sat,Gardner-Webb,East Carolina,N
282,5,09/23/2023,Sat,Georgia Southern,Ball State,N
283,5,09/23/2023,Sat,Georgia Tech,Wake Forest,N
284,5,09/23/2023,Sat,Iowa,Penn State,N
285,5,09/23/2023,Sat,James Madison,Utah State,N
286,5,09/23/2023,Sat,Kent State,Fresno State,N
287,5,09/23/2023,Sat,Kentucky,Vanderbilt,N
288,5,09/23/2023,Sat,Liberty,Florida International,N
289,5,09/23/2023,Sat,Louisiana Tech,Nebraska,N
290,5,09/23/2023,Sat,Maryland,Michigan State,N
291,5,09/23/2023,Sat,Miami (FL),Temple,N
292,5,09/23/2023,Sat,Minnesota,Northwestern,N
293,5,09/23/2023,Sat,Mississippi,Alabama,N
294,5,09/23/2023,Sat,Mississippi State,South Carolina,N
295,5,09/23/2023,Sat,Missouri,Memphis,Y
296,5,09/23/2023,Sat,Nevada,Texas State,N
297,5,09/23/2023,Sat,Nevada-Las Vegas,Texas-El Paso,N
298,5,09/23/2023,Sat,New Mexico,Massachusetts,N
299,5,09/23/2023,Sat,Nicholls State,Tulane,N
300,5,09/23/2023,Sat,North Carolina,Pittsburgh,N
301,5,09/23/2023,Sat,Ohio,Bowling Green,N
302,5,09/23/2023,Sat,Ohio State,Notre Dame,N
303,5,09/23/2023,Sat,Oklahoma,Cincinnati,N
304,5,09/23/2023,Sat,Oklahoma State,Iowa State,N
305,5,09/23/2023,Sat,Oregon State,Washington State,N
306,5,09/23/2023,Sat,Rice,South Florida,N
307,5,09/23/2023,Sat,Rutgers,Michigan,N
308,5,09/23/2023,Sat,Sam Houston State,Houston,N
309,5,09/23/2023,Sat,Southern California,Arizona State,N
310,5,09/23/2023,Sat,Southern Methodist,Texas Christian,N
311,5,09/23/2023,Sat,Southern Mississippi,Arkansas State,N
312,5,09/23/2023,Sat,Texas,Baylor,N
313,5,09/23/2023,Sat,Texas Tech,West Virginia,N
314,5,09/23/2023,Sat,Texas-San Antonio,Tennessee,N
315,5,09/23/2023,Sat,Tulsa,Northern Illinois,N
316,5,09/23/2023,Sat,UCLA,Utah,N
317,5,09/23/2023,Sat,Virginia Tech,Marshall,N
318,5,09/23/2023,Sat,Western Kentucky,Troy,N
319,5,09/23/2023,Sat,Western Michigan,Toledo,N
320,5,09/24/2023,Sun,New Mexico State,Hawaii,N
321,6,09/28/2023,Thu,Jacksonville State,Sam Houston State,N
322,6,09/28/2023,Thu,Middle Tennessee State,Western Kentucky,N
323,6,09/28/2023,Thu,Temple,Tulsa,N
324,6,09/29/2023,Fri,Cincinnati,Brigham Young,N
325,6,09/29/2023,Fri,Louisiana Tech,Texas-El Paso,N
326,6,09/29/2023,Fri,Louisville,North Carolina State,N
327,6,09/29/2023,Fri,Utah,Oregon State,N
328,6,09/30/2023,Sat,Abilene Christian,North Texas,N
329,6,09/30/2023,Sat,Alabama,Mississippi State,N
330,6,09/30/2023,Sat,Alabama-Birmingham,Tulane,N
331,6,09/30/2023,Sat,Appalachian State,Louisiana-Monroe,N
332,6,09/30/2023,Sat,Arizona State,California,N
333,6,09/30/2023,Sat,Arkansas State,Massachusetts,N
334,6,09/30/2023,Sat,Ball State,Western Michigan,N
335,6,09/30/2023,Sat,Baylor,Central Florida,N
336,6,09/30/2023,Sat,Boise State,Memphis,N
337,6,09/30/2023,Sat,Bowling Green,Georgia Tech,N
338,6,09/30/2023,Sat,Buffalo,Akron,N
339,6,09/30/2023,Sat,Charlotte,Southern Methodist,N
340,6,09/30/2023,Sat,Clemson,Syracuse,N
341,6,09/30/2023,Sat,Coastal Carolina,Georgia Southern,N
342,6,09/30/2023,Sat,East Carolina,Rice,N
343,6,09/30/2023,Sat,Eastern Michigan,Central Michigan,N
344,6,09/30/2023,Sat,Florida,Kentucky,N
345,6,09/30/2023,Sat,Georgia,Auburn,N
346,6,09/30/2023,Sat,Hawaii,Nevada-Las Vegas,N
347,6,09/30/2023,Sat,Houston,Texas Tech,N
348,6,09/30/2023,Sat,Illinois,Purdue,N
349,6,09/30/2023,Sat,Indiana,Maryland,N
350,6,09/30/2023,Sat,Iowa State,Oklahoma,N
351,6,09/30/2023,Sat,Kansas,Texas,N
352,6,09/30/2023,Sat,Louisiana,Minnesota,N
353,6,09/30/2023,Sat,Louisiana State,Mississippi,N
354,6,09/30/2023,Sat,Miami (OH),Kent State,N
355,6,09/30/2023,Sat,Michigan,Nebraska,N
356,6,09/30/2023,Sat,Michigan State,Iowa,N
357,6,09/30/2023,Sat,Missouri,Vanderbilt,N
358,6,09/30/2023,Sat,Nevada,Fresno State,N
359,6,09/30/2023,Sat,New Mexico,Wyoming,N
360,6,09/30/2023,Sat,Northern Illinois,Toledo,N
361,6,09/30/2023,Sat,Notre Dame,Duke,N
362,6,09/30/2023,Sat,Old Dominion,Marshall,N
363,6,09/30/2023,Sat,Oregon,Stanford,N
364,6,09/30/2023,Sat,Penn State,Northwestern,N
365,6,09/30/2023,Sat,Pittsburgh,Virginia Tech,N
366,6,09/30/2023,Sat,San Diego State,Air Force,N
367,6,09/30/2023,Sat,South Alabama,James Madison,N
368,6,09/30/2023,Sat,South Carolina,Tennessee,N
369,6,09/30/2023,Sat,South Florida,Navy,N
370,6,09/30/2023,Sat,Southern California,Colorado,N
371,6,09/30/2023,Sat,Texas A&M,Arkansas,Y
372,6,09/30/2023,Sat,Texas State,Southern Mississippi,N
373,6,09/30/2023,Sat,Troy,Georgia State,N
374,6,09/30/2023,Sat,Utah State,Connecticut,N
375,6,09/30/2023,Sat,Utah Tech,Colorado State,N
376,6,09/30/2023,Sat,Virginia,Boston College,N
377,6,09/30/2023,Sat,Wagner,Rutgers,N
378,6,09/30/2023,Sat,Washington,Arizona,N
379,6,09/30/2023,Sat,West Virginia,Texas Christian,N
380,7,10/04/2023,Wed,Florida International,New Mexico State,N
381,7,10/04/2023,Wed,Jacksonville State,Middle Tennessee State,N
382,7,10/05/2023,Thu,Sam Houston State,Liberty,N
383,7,10/05/2023,Thu,Western Kentucky,Louisiana Tech,N
384,7,10/06/2023,Fri,Kansas State,Oklahoma State,N
385,7,10/06/2023,Fri,Nebraska,Illinois,N
386,7,10/07/2023,Sat,Alabama,Texas A&M,N
387,7,10/07/2023,Sat,Arizona,Southern California,N
388,7,10/07/2023,Sat,Arkansas,Mississippi,N
389,7,10/07/2023,Sat,Arkansas State,Troy,N
390,7,10/07/2023,Sat,Ball State,Eastern Michigan,N
391,7,10/07/2023,Sat,Boston College,Army,N
392,7,10/07/2023,Sat,Bowling Green,Miami (OH),N
393,7,10/07/2023,Sat,Central Florida,Kansas,N
394,7,10/07/2023,Sat,Central Michigan,Buffalo,N
395,7,10/07/2023,Sat,Colorado,Arizona State,N
396,7,10/07/2023,Sat,Colorado State,Utah State,N
397,7,10/07/2023,Sat,Connecticut,Rice,N
398,7,10/07/2023,Sat,Fresno State,Wyoming,N
399,7,10/07/2023,Sat,Georgia Tech,Miami (FL),N
400,7,10/07/2023,Sat,Howard,Northwestern,N
401,7,10/07/2023,Sat,Kent State,Ohio,N
402,7,10/07/2023,Sat,Kentucky,Georgia,N
403,7,10/07/2023,Sat,Louisiana State,Missouri,N
404,7,10/07/2023,Sat,Marshall,North Carolina State,N
405,7,10/07/2023,Sat,Maryland,Ohio State,N
406,7,10/07/2023,Sat,Michigan,Minnesota,N
407,7,10/07/2023,Sat,North Texas,Navy,N
408,7,10/07/2023,Sat,Northern Illinois,Akron,N
409,7,10/07/2023,Sat,Notre Dame,Louisville,N
410,7,10/07/2023,Sat,Old Dominion,Southern Mississippi,N
411,7,10/07/2023,Sat,Oregon State,California,N
412,7,10/07/2023,Sat,Purdue,Iowa,N
413,7,10/07/2023,Sat,Rutgers,Wisconsin,N
414,7,10/07/2023,Sat,San Jose State,Boise State,N
415,7,10/07/2023,Sat,South Alabama,Louisiana-Monroe,N
416,7,10/07/2023,Sat,South Florida,Alabama-Birmingham,N
417,7,10/07/2023,Sat,Syracuse,North Carolina,N
418,7,10/07/2023,Sat,Texas,Oklahoma,Y
419,7,10/07/2023,Sat,Texas Christian,Iowa State,N
420,7,10/07/2023,Sat,Texas State,Louisiana,N
421,7,10/07/2023,Sat,Texas Tech,Baylor,N
422,7,10/07/2023,Sat,Texas-San Antonio,Temple,N
423,7,10/07/2023,Sat,Toledo,Massachusetts,N
424,7,10/07/2023,Sat,Tulsa,Florida Atlantic,N
425,7,10/07/2023,Sat,Vanderbilt,Florida,N
426,7,10/07/2023,Sat,Virginia Tech,Florida State,N
427,7,10/07/2023,Sat,Wake Forest,Clemson,N
428,7,10/07/2023,Sat,Washington State,UCLA,N
429,7,10/07/2023,Sat,Western Michigan,Mississippi State,N
430,7,10/07/2023,Sat,William & Mary,Virginia,N
431,8,10/10/2023,Tue,Coastal Carolina,Appalachian State,N
432,8,10/10/2023,Tue,Liberty,Jacksonville State,N
433,8,10/10/2023,Tue,Louisiana Tech,Middle Tennessee State,N
434,8,10/11/2023,Wed,Sam Houston State,New Mexico State,N
435,8,10/11/2023,Wed,Texas-El Paso,Florida International,N
436,8,10/12/2023,Thu,Southern Methodist,East Carolina,N
437,8,10/12/2023,Thu,West Virginia,Houston,N
438,8,10/13/2023,Fri,Fresno State,Utah State,N
439,8,10/13/2023,Fri,Stanford,Colorado,N
440,8,10/13/2023,Fri,Tulane,Memphis,N
441,8,10/14/2023,Sat,Akron,Central Michigan,N
442,8,10/14/2023,Sat,Alabama-Birmingham,Texas-San Antonio,N
443,8,10/14/2023,Sat,Arizona,Washington State,N
444,8,10/14/2023,Sat,Arkansas,Alabama,N
445,8,10/14/2023,Sat,Auburn,Louisiana State,N
446,8,10/14/2023,Sat,Boise State,Colorado State,N
447,8,10/14/2023,Sat,Bowling Green,Buffalo,N
448,8,10/14/2023,Sat,Brigham Young,Texas Christian,N
449,8,10/14/2023,Sat,California,Utah,N
450,8,10/14/2023,Sat,Florida,South Carolina,N
451,8,10/14/2023,Sat,Florida Atlantic,South Florida,N
452,8,10/14/2023,Sat,Georgia,Vanderbilt,N
453,8,10/14/2023,Sat,Georgia Southern,James Madison,N
454,8,10/14/2023,Sat,Illinois,Maryland,N
455,8,10/14/2023,Sat,Indiana,Michigan,N
456,8,10/14/2023,Sat,Iowa,Wisconsin,N
457,8,10/14/2023,Sat,Iowa State,Cincinnati,N
458,8,10/14/2023,Sat,Kansas,Oklahoma State,N
459,8,10/14/2023,Sat,Kansas State,Texas Tech,N
460,8,10/14/2023,Sat,Kent State,Eastern Michigan,N
461,8,10/14/2023,Sat,Louisiana-Monroe,Texas State,N
462,8,10/14/2023,Sat,Louisville,Pittsburgh,N
463,8,10/14/2023,Sat,Marshall,Georgia State,N
464,8,10/14/2023,Sat,Massachusetts,Penn State,N
465,8,10/14/2023,Sat,Miami (FL),North Carolina,N
466,8,10/14/2023,Sat,Miami (OH),Western Michigan,N
467,8,10/14/2023,Sat,Michigan State,Rutgers,N
468,8,10/14/2023,Sat,Missouri,Kentucky,N
469,8,10/14/2023,Sat,Navy,Charlotte,N
470,8,10/14/2023,Sat,Nevada-Las Vegas,Nevada,N
471,8,10/14/2023,Sat,North Carolina State,Duke,N
472,8,10/14/2023,Sat,Ohio,Northern Illinois,N
473,8,10/14/2023,Sat,Ohio State,Purdue,N
474,8,10/14/2023,Sat,Oregon,Washington,N
475,8,10/14/2023,Sat,San Diego State,Hawaii,N
476,8,10/14/2023,Sat,San Jose State,New Mexico,N
477,8,10/14/2023,Sat,Southern California,Notre Dame,N
478,8,10/14/2023,Sat,Syracuse,Florida State,N
479,8,10/14/2023,Sat,Temple,North Texas,N
480,8,10/14/2023,Sat,Texas A&M,Tennessee,N
481,8,10/14/2023,Sat,Toledo,Ball State,N
482,8,10/14/2023,Sat,Troy,Army,N
483,8,10/14/2023,Sat,UCLA,Oregon State,N
484,8,10/14/2023,Sat,Wake Forest,Virginia Tech,N
485,8,10/14/2023,Sat,Wyoming,Air Force,N
486,9,10/17/2023,Tue,Middle Tennessee State,Liberty,N
487,9,10/17/2023,Tue,Southern Mississippi,South Alabama,N
488,9,10/17/2023,Tue,Western Kentucky,Jacksonville State,N
489,9,10/18/2023,Wed,Florida International,Sam Houston State,N
490,9,10/18/2023,Wed,New Mexico State,Texas-El Paso,N
491,9,10/19/2023,Thu,James Madison,Marshall,N
492,9,10/19/2023,Thu,Rice,Tulsa,N
493,9,10/20/2023,Fri,Southern Methodist,Temple,N
494,9,10/21/2023,Sat,Air Force,Navy,N
495,9,10/21/2023,Sat,Akron,Bowling Green,N
496,9,10/21/2023,Sat,Appalachian State,Old Dominion,N
497,9,10/21/2023,Sat,Arizona State,Washington,N
498,9,10/21/2023,Sat,Army,Louisiana State,N
499,9,10/21/2023,Sat,Baylor,Cincinnati,N
500,9,10/21/2023,Sat,Boston College,Georgia Tech,N
501,9,10/21/2023,Sat,Buffalo,Kent State,N
502,9,10/21/2023,Sat,Central Florida,Oklahoma,N
503,9,10/21/2023,Sat,Central Michigan,Ball State,N
504,9,10/21/2023,Sat,Charlotte,East Carolina,N
505,9,10/21/2023,Sat,Clemson,Miami (FL),N
506,9,10/21/2023,Sat,Coastal Carolina,Arkansas State,N
507,9,10/21/2023,Sat,Colorado State,Nevada-Las Vegas,N
508,9,10/21/2023,Sat,Duke,Florida State,N
509,9,10/21/2023,Sat,Eastern Michigan,Northern Illinois,N
510,9,10/21/2023,Sat,Georgia State,Louisiana,N
511,9,10/21/2023,Sat,Hawaii,New Mexico,N
512,9,10/21/2023,Sat,Louisiana-Monroe,Georgia Southern,N
513,9,10/21/2023,Sat,Memphis,Alabama-Birmingham,N
514,9,10/21/2023,Sat,Michigan,Michigan State,N
515,9,10/21/2023,Sat,Minnesota,Iowa,N
516,9,10/21/2023,Sat,Mississippi,Auburn,N
517,9,10/21/2023,Sat,Mississippi State,Arkansas,N
518,9,10/21/2023,Sat,Nevada,San Diego State,N
519,9,10/21/2023,Sat,North Texas,Tulane,N
520,9,10/21/2023,Sat,Northwestern,Nebraska,N
521,9,10/21/2023,Sat,Oklahoma State,West Virginia,N
522,9,10/21/2023,Sat,Penn State,Ohio State,N
523,9,10/21/2023,Sat,Pittsburgh,Wake Forest,N
524,9,10/21/2023,Sat,Rutgers,Indiana,N
525,9,10/21/2023,Sat,South Carolina,Missouri,N
526,9,10/21/2023,Sat,South Florida,Connecticut,N
527,9,10/21/2023,Sat,Tennessee,Alabama,N
528,9,10/21/2023,Sat,Texas,Houston,N
529,9,10/21/2023,Sat,Texas Christian,Kansas State,N
530,9,10/21/2023,Sat,Texas Tech,Brigham Young,N
531,9,10/21/2023,Sat,Texas-San Antonio,Florida Atlantic,N
532,9,10/21/2023,Sat,Toledo,Miami (OH),N
533,9,10/21/2023,Sat,UCLA,Stanford,N
534,9,10/21/2023,Sat,Utah,Southern California,N
535,9,10/21/2023,Sat,Utah State,San Jose State,N
536,9,10/21/2023,Sat,Virginia,North Carolina,N
537,9,10/21/2023,Sat,Washington State,Oregon,N
538,9,10/21/2023,Sat,Western Michigan,Ohio,N
539,9,10/21/2023,Sat,Wisconsin,Illinois,N
540,10,10/24/2023,Tue,Liberty,Western Kentucky,N
541,10,10/24/2023,Tue,New Mexico State,Louisiana Tech,N
542,10,10/25/2023,Wed,Jacksonville State,Florida International,N
543,10,10/25/2023,Wed,Texas-El Paso,Sam Houston State,N
544,10,10/26/2023,Thu,Georgia State,Georgia Southern,N
545,10,10/26/2023,Thu,Syracuse,Virginia Tech,N
546,10,10/27/2023,Fri,Florida Atlantic,Charlotte,N
547,10,10/28/2023,Sat,Air Force,Colorado State,N
548,10,10/28/2023,Sat,Arkansas State,Louisiana-Monroe,N
549,10,10/28/2023,Sat,Brigham Young,Texas,N
550,10,10/28/2023,Sat,Cincinnati,Oklahoma State,N
551,10,10/28/2023,Sat,Clemson,North Carolina State,N
552,10,10/28/2023,Sat,Colorado,UCLA,N
553,10,10/28/2023,Sat,Connecticut,Boston College,N
554,10,10/28/2023,Sat,Duke,Louisville,N
555,10,10/28/2023,Sat,East Carolina,Texas-San Antonio,N
556,10,10/28/2023,Sat,Florida State,Wake Forest,N
557,10,10/28/2023,Sat,Georgia,Florida,Y
558,10,10/28/2023,Sat,Houston,Kansas State,N
559,10,10/28/2023,Sat,Indiana,Penn State,N
560,10,10/28/2023,Sat,Iowa State,Baylor,N
561,10,10/28/2023,Sat,Louisiana,South Alabama,N
562,10,10/28/2023,Sat,Marshall,Coastal Carolina,N
563,10,10/28/2023,Sat,Maryland,Northwestern,N
564,10,10/28/2023,Sat,Massachusetts,Army,N
565,10,10/28/2023,Sat,Memphis,North Texas,N
566,10,10/28/2023,Sat,Miami (OH),Ohio,N
567,10,10/28/2023,Sat,Michigan State,Minnesota,N
568,10,10/28/2023,Sat,Mississippi State,Auburn,N
569,10,10/28/2023,Sat,Nevada-Las Vegas,Fresno State,N
570,10,10/28/2023,Sat,New Mexico,Nevada,N
571,10,10/28/2023,Sat,North Carolina,Georgia Tech,N
572,10,10/28/2023,Sat,Ohio State,Wisconsin,N
573,10,10/28/2023,Sat,Oklahoma,Kansas,N
574,10,10/28/2023,Sat,Old Dominion,James Madison,N
575,10,10/28/2023,Sat,Oregon,Utah,N
576,10,10/28/2023,Sat,Oregon State,Arizona,N
577,10,10/28/2023,Sat,Pittsburgh,Notre Dame,N
578,10,10/28/2023,Sat,Purdue,Nebraska,N
579,10,10/28/2023,Sat,South Carolina,Texas A&M,N
580,10,10/28/2023,Sat,Southern California,California,N
581,10,10/28/2023,Sat,Southern Mississippi,Appalachian State,N
582,10,10/28/2023,Sat,Tennessee,Kentucky,N
583,10,10/28/2023,Sat,Troy,Texas State,N
584,10,10/28/2023,Sat,Tulane,Rice,N
585,10,10/28/2023,Sat,Tulsa,Southern Methodist,N
586,10,10/28/2023,Sat,Vanderbilt,Mississippi,N
587,10,10/28/2023,Sat,Virginia,Miami (FL),N
588,10,10/28/2023,Sat,Washington,Stanford,N
589,10,10/28/2023,Sat,Washington State,Arizona State,N
590,10,10/28/2023,Sat,West Virginia,Central Florida,N
591,10,10/28/2023,Sat,Western Michigan,Eastern Michigan,N
592,10,10/28/2023,Sat,Wyoming,Boise State,N
593,10,10/29/2023,Sun,San Jose State,Hawaii,N
594,11,10/31/2023,Tue,Buffalo,Toledo,N
595,11,10/31/2023,Tue,Northern Illinois,Central Michigan,N
596,11,11/01/2023,Wed,Ball State,Bowling Green,N
597,11,11/01/2023,Wed,Kent State,Akron,N
598,11,11/02/2023,Thu,South Alabama,Troy,N
599,11,11/02/2023,Thu,Texas Christian,Texas Tech,N
600,11,11/02/2023,Thu,Wake Forest,Duke,N
601,11,11/03/2023,Fri,Boston College,Syracuse,N
602,11,11/03/2023,Fri,Colorado State,Wyoming,N
603,11,11/04/2023,Sat,Arizona State,Utah,N
604,11,11/04/2023,Sat,Arkansas,Florida,N
605,11,11/04/2023,Sat,Army,Air Force,Y
606,11,11/04/2023,Sat,Auburn,Vanderbilt,N
607,11,11/04/2023,Sat,Boise State,Fresno State,N
608,11,11/04/2023,Sat,Brigham Young,West Virginia,N
609,11,11/04/2023,Sat,California,Oregon,N
610,11,11/04/2023,Sat,Campbell,North Carolina,N
611,11,11/04/2023,Sat,Central Florida,Cincinnati,N
612,11,11/04/2023,Sat,Charlotte,Tulsa,N
613,11,11/04/2023,Sat,Coastal Carolina,Old Dominion,N
614,11,11/04/2023,Sat,Connecticut,Tennessee,N
615,11,11/04/2023,Sat,Florida Atlantic,Alabama-Birmingham,N
616,11,11/04/2023,Sat,Florida State,Pittsburgh,N
617,11,11/04/2023,Sat,Georgia Southern,Texas State,N
618,11,11/04/2023,Sat,Georgia Tech,Virginia,N
619,11,11/04/2023,Sat,Hawaii,Nevada,N
620,11,11/04/2023,Sat,Houston,Baylor,N
621,11,11/04/2023,Sat,Illinois,Minnesota,N
622,11,11/04/2023,Sat,Iowa,Northwestern,N
623,11,11/04/2023,Sat,Jacksonville State,South Carolina,N
624,11,11/04/2023,Sat,James Madison,Georgia State,N
625,11,11/04/2023,Sat,Kansas,Iowa State,N
626,11,11/04/2023,Sat,Kansas State,Texas,N
627,11,11/04/2023,Sat,Kennesaw State,Sam Houston State,N
628,11,11/04/2023,Sat,Kentucky,Mississippi State,N
629,11,11/04/2023,Sat,Louisiana,Arkansas State,N
630,11,11/04/2023,Sat,Louisiana State,Alabama,N
631,11,11/04/2023,Sat,Louisiana Tech,Liberty,N
632,11,11/04/2023,Sat,Louisiana-Monroe,Southern Mississippi,N
633,11,11/04/2023,Sat,Marshall,Appalachian State,N
634,11,11/04/2023,Sat,Merrimack,Massachusetts,N
635,11,11/04/2023,Sat,Miami (FL),North Carolina State,N
636,11,11/04/2023,Sat,Middle Tennessee State,New Mexico State,N
637,11,11/04/2023,Sat,Missouri,Georgia,N
638,11,11/04/2023,Sat,Navy,Temple,N
639,11,11/04/2023,Sat,Nebraska,Michigan State,N
640,11,11/04/2023,Sat,Nevada-Las Vegas,New Mexico,N
641,11,11/04/2023,Sat,Notre Dame,Clemson,N
642,11,11/04/2023,Sat,Ohio State,Rutgers,N
643,11,11/04/2023,Sat,Oklahoma,Oklahoma State,N
644,11,11/04/2023,Sat,Oregon State,Colorado,N
645,11,11/04/2023,Sat,Penn State,Maryland,N
646,11,11/04/2023,Sat,Purdue,Michigan,N
647,11,11/04/2023,Sat,South Florida,Memphis,N
648,11,11/04/2023,Sat,Southern Methodist,Rice,N
649,11,11/04/2023,Sat,Stanford,Washington State,N
650,11,11/04/2023,Sat,Texas A&M,Mississippi,N
651,11,11/04/2023,Sat,Texas-San Antonio,North Texas,N
652,11,11/04/2023,Sat,Tulane,East Carolina,N
653,11,11/04/2023,Sat,UCLA,Arizona,N
654,11,11/04/2023,Sat,Utah State,San Diego State,N
655,11,11/04/2023,Sat,Virginia Tech,Louisville,N
656,11,11/04/2023,Sat,Washington,Southern California,N
657,11,11/04/2023,Sat,Western Kentucky,Texas-El Paso,N
658,11,11/04/2023,Sat,Wisconsin,Indiana,N
659,12,11/07/2023,Tue,Ball State,Northern Illinois,N
660,12,11/07/2023,Tue,Central Michigan,Western Michigan,N
661,12,11/07/2023,Tue,Ohio,Buffalo,N
662,12,11/08/2023,Wed,Akron,Miami (OH),N
663,12,11/08/2023,Wed,Bowling Green,Kent State,N
664,12,11/08/2023,Wed,Eastern Michigan,Toledo,N
665,12,11/09/2023,Thu,Southern Mississippi,Louisiana,N
666,12,11/09/2023,Thu,Virginia,Louisville,N
667,12,11/10/2023,Fri,North Texas,Southern Methodist,N
668,12,11/10/2023,Fri,Wyoming,Nevada-Las Vegas,N
669,12,11/11/2023,Sat,Air Force,Hawaii,N
670,12,11/11/2023,Sat,Alabama,Kentucky,N
671,12,11/11/2023,Sat,Alabama-Birmingham,Navy,N
672,12,11/11/2023,Sat,Appalachian State,Georgia State,N
673,12,11/11/2023,Sat,Arizona,Colorado,N
674,12,11/11/2023,Sat,Arizona State,UCLA,N
675,12,11/11/2023,Sat,Arkansas State,South Alabama,N
676,12,11/11/2023,Sat,Auburn,Arkansas,N
677,12,11/11/2023,Sat,Baylor,Kansas State,N
678,12,11/11/2023,Sat,Cincinnati,Houston,N
679,12,11/11/2023,Sat,Connecticut,James Madison,N
680,12,11/11/2023,Sat,Duke,North Carolina,N
681,12,11/11/2023,Sat,East Carolina,Florida Atlantic,N
682,12,11/11/2023,Sat,Florida,Louisiana State,N
683,12,11/11/2023,Sat,Florida International,Middle Tennessee State,N
684,12,11/11/2023,Sat,Fresno State,San Jose State,N
685,12,11/11/2023,Sat,Georgia Southern,Marshall,N
686,12,11/11/2023,Sat,Georgia Tech,Clemson,N
687,12,11/11/2023,Sat,Holy Cross,Army,N
688,12,11/11/2023,Sat,Indiana,Illinois,N
689,12,11/11/2023,Sat,Iowa State,Brigham Young,N
690,12,11/11/2023,Sat,Maryland,Nebraska,N
691,12,11/11/2023,Sat,Memphis,Charlotte,N
692,12,11/11/2023,Sat,Miami (FL),Florida State,N
693,12,11/11/2023,Sat,Michigan,Penn State,N
694,12,11/11/2023,Sat,Michigan State,Ohio State,N
695,12,11/11/2023,Sat,Minnesota,Purdue,N
696,12,11/11/2023,Sat,Mississippi,Georgia,N
697,12,11/11/2023,Sat,Mississippi State,Texas A&M,N
698,12,11/11/2023,Sat,Nevada,Utah State,N
699,12,11/11/2023,Sat,New Mexico,Boise State,N
700,12,11/11/2023,Sat,New Mexico State,Western Kentucky,N
701,12,11/11/2023,Sat,North Carolina State,Wake Forest,N
702,12,11/11/2023,Sat,Northwestern,Wisconsin,N
703,12,11/11/2023,Sat,Oklahoma State,Central Florida,N
704,12,11/11/2023,Sat,Old Dominion,Liberty,N
705,12,11/11/2023,Sat,Rice,Texas-San Antonio,N
706,12,11/11/2023,Sat,Rutgers,Iowa,N
707,12,11/11/2023,Sat,Sam Houston State,Louisiana Tech,N
708,12,11/11/2023,Sat,San Diego State,Colorado State,N
709,12,11/11/2023,Sat,Southern California,Oregon,N
710,12,11/11/2023,Sat,Stanford,Oregon State,N
711,12,11/11/2023,Sat,Syracuse,Pittsburgh,Y
712,12,11/11/2023,Sat,Temple,South Florida,N
713,12,11/11/2023,Sat,Tennessee,Missouri,N
714,12,11/11/2023,Sat,Texas,Texas Christian,N
715,12,11/11/2023,Sat,Texas State,Coastal Carolina,N
716,12,11/11/2023,Sat,Texas Tech,Kansas,N
717,12,11/11/2023,Sat,Troy,Louisiana-Monroe,N
718,12,11/11/2023,Sat,Tulsa,Tulane,N
719,12,11/11/2023,Sat,Utah,Washington,N
720,12,11/11/2023,Sat,Vanderbilt,South Carolina,N
721,12,11/11/2023,Sat,Virginia Tech,Boston College,N
722,12,11/11/2023,Sat,Washington State,California,N
723,12,11/11/2023,Sat,West Virginia,Oklahoma,N
724,13,11/14/2023,Tue,Akron,Eastern Michigan,N
725,13,11/14/2023,Tue,Toledo,Bowling Green,N
726,13,11/14/2023,Tue,Western Michigan,Northern Illinois,N
727,13,11/15/2023,Wed,Buffalo,Miami (OH),N
728,13,11/15/2023,Wed,Central Michigan,Ohio,N
729,13,11/16/2023,Thu,Boston College,Pittsburgh,N
730,13,11/17/2023,Fri,Colorado,Washington State,N
731,13,11/17/2023,Fri,South Florida,Texas-San Antonio,N
732,13,11/18/2023,Sat,Abilene Christian,Texas A&M,N
733,13,11/18/2023,Sat,Appalachian State,James Madison,N
734,13,11/18/2023,Sat,Baylor,Texas Christian,N
735,13,11/18/2023,Sat,Boise State,Utah State,N
736,13,11/18/2023,Sat,Central Florida,Texas Tech,N
737,13,11/18/2023,Sat,Chattanooga,Alabama,N
738,13,11/18/2023,Sat,Cincinnati,West Virginia,N
739,13,11/18/2023,Sat,Coastal Carolina,Army,N
740,13,11/18/2023,Sat,Duke,Virginia,N
741,13,11/18/2023,Sat,East Carolina,Navy,N
742,13,11/18/2023,Sat,Florida,Missouri,N
743,13,11/18/2023,Sat,Florida International,Arkansas,N
744,13,11/18/2023,Sat,Georgia,Tennessee,N
745,13,11/18/2023,Sat,Georgia State,Louisiana State,N
746,13,11/18/2023,Sat,Hawaii,Wyoming,N
747,13,11/18/2023,Sat,Illinois,Iowa,N
748,13,11/18/2023,Sat,Kansas State,Kansas,N
749,13,11/18/2023,Sat,Kent State,Ball State,N
750,13,11/18/2023,Sat,Kentucky,South Carolina,N
751,13,11/18/2023,Sat,Louisiana,Troy,N
752,13,11/18/2023,Sat,Louisiana Tech,Jacksonville State,N
753,13,11/18/2023,Sat,Louisiana-Monroe,Mississippi,N
754,13,11/18/2023,Sat,Louisville,Miami (FL),N
755,13,11/18/2023,Sat,Marshall,South Alabama,N
756,13,11/18/2023,Sat,Massachusetts,Liberty,N
757,13,11/18/2023,Sat,Michigan,Maryland,N
758,13,11/18/2023,Sat,Michigan State,Indiana,N
759,13,11/18/2023,Sat,Minnesota,Ohio State,N
760,13,11/18/2023,Sat,Nebraska,Wisconsin,N
761,13,11/18/2023,Sat,Nevada,Colorado State,N
762,13,11/18/2023,Sat,Nevada-Las Vegas,Air Force,N
763,13,11/18/2023,Sat,New Mexico,Fresno State,N
764,13,11/18/2023,Sat,New Mexico State,Auburn,N
765,13,11/18/2023,Sat,North Alabama,Florida State,N
766,13,11/18/2023,Sat,North Carolina,Clemson,N
767,13,11/18/2023,Sat,North Carolina State,Virginia Tech,N
768,13,11/18/2023,Sat,North Texas,Tulsa,N
769,13,11/18/2023,Sat,Oklahoma,Brigham Young,N
770,13,11/18/2023,Sat,Oklahoma State,Houston,N
771,13,11/18/2023,Sat,Old Dominion,Georgia Southern,N
772,13,11/18/2023,Sat,Oregon,Arizona State,N
773,13,11/18/2023,Sat,Purdue,Northwestern,N
774,13,11/18/2023,Sat,Rice,Charlotte,N
775,13,11/18/2023,Sat,Rutgers,Penn State,N
776,13,11/18/2023,Sat,Sam Houston State,Western Kentucky,N
777,13,11/18/2023,Sat,San Diego State,San Jose State,N
778,13,11/18/2023,Sat,Southern Methodist,Memphis,N
779,13,11/18/2023,Sat,Southern Mississippi,Mississippi State,N
780,13,11/18/2023,Sat,Syracuse,Georgia Tech,N
781,13,11/18/2023,Sat,Temple,Alabama-Birmingham,N
782,13,11/18/2023,Sat,Texas,Iowa State,N
783,13,11/18/2023,Sat,Texas State,Arkansas State,N
784,13,11/18/2023,Sat,Texas-El Paso,Middle Tennessee State,N
785,13,11/18/2023,Sat,Tulane,Florida Atlantic,N
786,13,11/18/2023,Sat,UCLA,Southern California,N
787,13,11/18/2023,Sat,Utah,Arizona,N
788,13,11/18/2023,Sat,Wake Forest,Notre Dame,N
789,13,11/18/2023,Sat,Washington,Oregon State,N
790,13,11/19/2023,Sun,California,Stanford,N
791,14,11/21/2023,Tue,Bowling Green,Western Michigan,N
792,14,11/21/2023,Tue,Eastern Michigan,Buffalo,N
793,14,11/23/2023,Thu,Mississippi,Mississippi State,N
794,14,11/24/2023,Fri,Air Force,Boise State,N
795,14,11/24/2023,Fri,Iowa,Nebraska,N
796,14,11/24/2023,Fri,Memphis,Temple,N
797,14,11/24/2023,Fri,Miami (FL),Boston College,N
798,14,11/24/2023,Fri,Missouri,Arkansas,N
799,14,11/24/2023,Fri,Ohio,Akron,N
800,14,11/24/2023,Fri,Oregon State,Oregon,N
801,14,11/24/2023,Fri,Penn State,Michigan State,N
802,14,11/24/2023,Fri,Texas Christian,Oklahoma,N
803,14,11/24/2023,Fri,Texas Tech,Texas,N
804,14,11/24/2023,Fri,Texas-San Antonio,Tulane,N
805,14,11/24/2023,Fri,Toledo,Central Michigan,N
806,14,11/24/2023,Fri,Utah State,New Mexico,N
807,14,11/25/2023,Sat,Alabama,Auburn,N
808,14,11/25/2023,Sat,Alabama-Birmingham,North Texas,N
809,14,11/25/2023,Sat,Arizona,Arizona State,N
810,14,11/25/2023,Sat,Arkansas State,Marshall,N
811,14,11/25/2023,Sat,Brigham Young,Oklahoma State,N
812,14,11/25/2023,Sat,California,UCLA,N
813,14,11/25/2023,Sat,Charlotte,South Florida,N
814,14,11/25/2023,Sat,Clemson,South Carolina,N
815,14,11/25/2023,Sat,Colorado,Utah,N
816,14,11/25/2023,Sat,Colorado State,Hawaii,N
817,14,11/25/2023,Sat,Connecticut,Massachusetts,N
818,14,11/25/2023,Sat,Florida Atlantic,Rice,N
819,14,11/25/2023,Sat,Florida State,Florida,N
820,14,11/25/2023,Sat,Fresno State,San Diego State,N
821,14,11/25/2023,Sat,Georgia,Georgia Tech,N
822,14,11/25/2023,Sat,Georgia Southern,Appalachian State,N
823,14,11/25/2023,Sat,Georgia State,Old Dominion,N
824,14,11/25/2023,Sat,Houston,Central Florida,N
825,14,11/25/2023,Sat,Indiana,Purdue,N
826,14,11/25/2023,Sat,Iowa State,Kansas State,N
827,14,11/25/2023,Sat,Jacksonville State,New Mexico State,N
828,14,11/25/2023,Sat,James Madison,Coastal Carolina,N
829,14,11/25/2023,Sat,Kansas,Cincinnati,N
830,14,11/25/2023,Sat,Kentucky,Louisville,N
831,14,11/25/2023,Sat,Liberty,Texas-El Paso,N
832,14,11/25/2023,Sat,Louisiana-Monroe,Louisiana,N
833,14,11/25/2023,Sat,Maryland,Rutgers,N
834,14,11/25/2023,Sat,Miami (OH),Ball State,N
835,14,11/25/2023,Sat,Middle Tennessee State,Sam Houston State,N
836,14,11/25/2023,Sat,Navy,Southern Methodist,N
837,14,11/25/2023,Sat,North Carolina,North Carolina State,N
838,14,11/25/2023,Sat,Northern Illinois,Kent State,N
839,14,11/25/2023,Sat,Northwestern,Illinois,N
840,14,11/25/2023,Sat,Notre Dame,Stanford,N
841,14,11/25/2023,Sat,Ohio State,Michigan,N
842,14,11/25/2023,Sat,Pittsburgh,Duke,N
843,14,11/25/2023,Sat,San Jose State,Nevada-Las Vegas,N
844,14,11/25/2023,Sat,South Alabama,Texas State,N
845,14,11/25/2023,Sat,Texas A&M,Louisiana State,N
846,14,11/25/2023,Sat,Troy,Southern Mississippi,N
847,14,11/25/2023,Sat,Tulsa,East Carolina,N
848,14,11/25/2023,Sat,Vanderbilt,Tennessee,N
849,14,11/25/2023,Sat,Virginia Tech,Virginia,N
850,14,11/25/2023,Sat,Wake Forest,Syracuse,N
851,14,11/25/2023,Sat,Washington State,Washington,N
852,14,11/25/2023,Sat,West Virginia,Baylor,N
853,14,11/25/2023,Sat,Western Kentucky,Florida International,N
854,14,11/25/2023,Sat,Wisconsin,Minnesota,N
855,14,11/25/2023,Sat,Wyoming,Nevada,N
856,15,12/09/2023,Sat,Army,Navy,Y
